Workbook

Sheet PARAM
A1: Name | B1: Category
A2: s | B2: PX_LAST
A3: k | B3: OPT_STRIKE_PX
A4: r | B4: Cash_rate
A5: tau | B5: TTM
A6: sigma | B6: IVOL_MID

Sheet portfolio
A1: BloombergCode | B1: Strategy | C1: CRNCY | D1: CrncyRatio | E1: SECURITY_TYP2 | F1: OPT_PUT_CALL | G1: OPT_UNDL_TICKER/UNDL_SPOT_TICKER | H1: MIFID_UNDERLYING_ASSET_CLASS | I1: MIFID_UNDERLYING_DERIVATIVE_TYPE | J1: Position | K1: OPT_STRIKE_PX | L1: MIFID_EXPIRY_DATE | M1: OPT_UNDL_PX | N1: Cash_rate | O1: TTM | P1: Spot_weight | Q1: IVOL_MID | R1: EQY_DVD_YLD_EST | S1: Undl_fut_px_last | T1: PX_LAST
A2: AMZN US 05/15/26 P195 Equity | B2: Long Straddle | C2: =BDP($A2,C$1) | D2: =IF(C2'="USD", 1, BDP(C2 & "USD Curncy","PX_LAST")) | E2: =BDP($A2,E$1) | F2: =IF(E2'="Option", BDP($A2,F$1), "") | G2: =IF( E2'="Option", IFERROR(BDP($A2,"UNDERLYING_SECURITY_DES"),""), IF( E2'="Future", IFERROR(BDP($A2,"UNDL_SPOT_TICKER") &" Index",""), "" ) ) | H2: =IF(OR(E2'="Option", E2'="Future"), BDP($A2, H$1), "") | I2: =IFERROR(IF(OR(E2'="Option", E2'="Future"), BDP($A2, I$1), ""), "") | J2: 100 | K2: =IF(E2'="Option", BDP($A2,K$1), 0) | L2: =IF(OR(E2'="Option", E2'="Future"),BDP($A2,L$1),"") | M2: =IF(E2'="Option",BDP($A2,M$1),0) | N2: =(IF($C2'="USD",BDP("TSFR1M Index","PX_LAST"),IF($C2'="EUR",BDP("EESWEA BGN Curncy","PX_LAST"),IF($C2'="HKD",BDP("HIHD01M Index","PX_LAST"),IF($C2'="JPY",BDP("JYSOA Index","PX_LAST"),NA())))))/100 | O2: =IFERROR((L2-TODAY())/360,0) | P2: =IFERROR(IF(AND(I2'="VOLI",O2<>0),0.5/(SQRT(O2/360)+SQRT((O2+30)/360)),""),"") | Q2: =IFERROR(IF(E2'="Option", (BDP($A2,Q$1))/100, 0),0) | R2: =LET(x,BDP($G2,R$1),IFERROR(VALUE(x)/100,0)) | S2: =IF(E2'="Future", BDP(G2, $T$1), 0) | T2: =BDP($A2,T$1)
A3: AMZN US 05/15/26 C195 Equity | B3: Long Straddle | C3: =BDP($A3,C$1) | D3: =IF(C3'="USD", 1, BDP(C3 & "USD Curncy","PX_LAST")) | E3: =BDP($A3,E$1) | F3: =IF(E3'="Option", BDP($A3,F$1), "") | G3: =IF( E3'="Option", IFERROR(BDP($A3,"UNDERLYING_SECURITY_DES"),""), IF( E3'="Future", IFERROR(BDP($A3,"UNDL_SPOT_TICKER") &" Index",""), "" ) ) | H3: =IF(OR(E3'="Option", E3'="Future"), BDP($A3, H$1), "") | I3: =IFERROR(IF(OR(E3'="Option", E3'="Future"), BDP($A3, I$1), ""), "") | J3: 100 | K3: =IF(E3'="Option", BDP($A3,K$1), 0) | L3: =IF(OR(E3'="Option", E3'="Future"),BDP($A3,L$1),"") | M3: =IF(E3'="Option",BDP($A3,M$1),0) | N3: =(IF($C3'="USD",BDP("TSFR1M Index","PX_LAST"),IF($C3'="EUR",BDP("EESWEA BGN Curncy","PX_LAST"),IF($C3'="HKD",BDP("HIHD01M Index","PX_LAST"),IF($C3'="JPY",BDP("JYSOA Index","PX_LAST"),NA())))))/100 | O3: =IFERROR((L3-TODAY())/360,0) | P3: =IFERROR(IF(AND(I3'="VOLI",O3<>0),0.5/(SQRT(O3/360)+SQRT((O3+30)/360)),""),"") | Q3: =IFERROR(IF(E3'="Option", (BDP($A3,Q$1))/100, 0),0) | R3: =LET(x,BDP($G3,R$1),IFERROR(VALUE(x)/100,0)) | S3: =IF(E3'="Future", BDP(G3, $T$1), 0) | T3: =BDP($A3,T$1)
A4: AVGO US 06/18/26 C230 Equity | B4: Short Stradle | C4: =BDP($A4,C$1) | D4: =IF(C4'="USD", 1, BDP(C4 & "USD Curncy","PX_LAST")) | E4: =BDP($A4,E$1) | F4: =IF(E4'="Option", BDP($A4,F$1), "") | G4: =IF( E4'="Option", IFERROR(BDP($A4,"UNDERLYING_SECURITY_DES"),""), IF( E4'="Future", IFERROR(BDP($A4,"UNDL_SPOT_TICKER") &" Index",""), "" ) ) | H4: =IF(OR(E4'="Option", E4'="Future"), BDP($A4, H$1), "") | I4: =IFERROR(IF(OR(E4'="Option", E4'="Future"), BDP($A4, I$1), ""), "") | J4: -200 | K4: =IF(E4'="Option", BDP($A4,K$1), 0) | L4: =IF(OR(E4'="Option", E4'="Future"),BDP($A4,L$1),"") | M4: =IF(E4'="Option",BDP($A4,M$1),0) | N4: =(IF($C4'="USD",BDP("TSFR1M Index","PX_LAST"),IF($C4'="EUR",BDP("EESWEA BGN Curncy","PX_LAST"),IF($C4'="HKD",BDP("HIHD01M Index","PX_LAST"),IF($C4'="JPY",BDP("JYSOA Index","PX_LAST"),NA())))))/100 | O4: =IFERROR((L4-TODAY())/360,0) | P4: =IFERROR(IF(AND(I4'="VOLI",O4<>0),0.5/(SQRT(O4/360)+SQRT((O4+30)/360)),""),"") | Q4: =IFERROR(IF(E4'="Option", (BDP($A4,Q$1))/100, 0),0) | R4: =LET(x,BDP($G4,R$1),IFERROR(VALUE(x)/100,0)) | S4: =IF(E4'="Future", BDP(G4, $T$1), 0) | T4: =BDP($A4,T$1)
A5: AVGO US 06/18/26 P230 Equity | B5: Short Stradle | C5: =BDP($A5,C$1) | D5: =IF(C5'="USD", 1, BDP(C5 & "USD Curncy","PX_LAST")) | E5: =BDP($A5,E$1) | F5: =IF(E5'="Option", BDP($A5,F$1), "") | G5: =IF( E5'="Option", IFERROR(BDP($A5,"UNDERLYING_SECURITY_DES"),""), IF( E5'="Future", IFERROR(BDP($A5,"UNDL_SPOT_TICKER") &" Index",""), "" ) ) | H5: =IF(OR(E5'="Option", E5'="Future"), BDP($A5, H$1), "") | I5: =IFERROR(IF(OR(E5'="Option", E5'="Future"), BDP($A5, I$1), ""), "") | J5: -100 | K5: =IF(E5'="Option", BDP($A5,K$1), 0) | L5: =IF(OR(E5'="Option", E5'="Future"),BDP($A5,L$1),"") | M5: =IF(E5'="Option",BDP($A5,M$1),0) | N5: =(IF($C5'="USD",BDP("TSFR1M Index","PX_LAST"),IF($C5'="EUR",BDP("EESWEA BGN Curncy","PX_LAST"),IF($C5'="HKD",BDP("HIHD01M Index","PX_LAST"),IF($C5'="JPY",BDP("JYSOA Index","PX_LAST"),NA())))))/100 | O5: =IFERROR((L5-TODAY())/360,0) | P5: =IFERROR(IF(AND(I5'="VOLI",O5<>0),0.5/(SQRT(O5/360)+SQRT((O5+30)/360)),""),"") | Q5: =IFERROR(IF(E5'="Option", (BDP($A5,Q$1))/100, 0),0) | R5: =LET(x,BDP($G5,R$1),IFERROR(VALUE(x)/100,0)) | S5: =IF(E5'="Future", BDP(G5, $T$1), 0) | T5: =BDP($A5,T$1)
A6: BAC US 12/18/26 P42 Equity | B6: Long Strangle | C6: =BDP($A6,C$1) | D6: =IF(C6'="USD", 1, BDP(C6 & "USD Curncy","PX_LAST")) | E6: =BDP($A6,E$1) | F6: =IF(E6'="Option", BDP($A6,F$1), "") | G6: =IF( E6'="Option", IFERROR(BDP($A6,"UNDERLYING_SECURITY_DES"),""), IF( E6'="Future", IFERROR(BDP($A6,"UNDL_SPOT_TICKER") &" Index",""), "" ) ) | H6: =IF(OR(E6'="Option", E6'="Future"), BDP($A6, H$1), "") | I6: =IFERROR(IF(OR(E6'="Option", E6'="Future"), BDP($A6, I$1), ""), "") | J6: 150 | K6: =IF(E6'="Option", BDP($A6,K$1), 0) | L6: =IF(OR(E6'="Option", E6'="Future"),BDP($A6,L$1),"") | M6: =IF(E6'="Option",BDP($A6,M$1),0) | N6: =(IF($C6'="USD",BDP("TSFR1M Index","PX_LAST"),IF($C6'="EUR",BDP("EESWEA BGN Curncy","PX_LAST"),IF($C6'="HKD",BDP("HIHD01M Index","PX_LAST"),IF($C6'="JPY",BDP("JYSOA Index","PX_LAST"),NA())))))/100 | O6: =IFERROR((L6-TODAY())/360,0) | P6: =IFERROR(IF(AND(I6'="VOLI",O6<>0),0.5/(SQRT(O6/360)+SQRT((O6+30)/360)),""),"") | Q6: =IFERROR(IF(E6'="Option", (BDP($A6,Q$1))/100, 0),0) | R6: =LET(x,BDP($G6,R$1),IFERROR(VALUE(x)/100,0)) | S6: =IF(E6'="Future", BDP(G6, $T$1), 0) | T6: =BDP($A6,T$1)
A7: BAC US 12/18/26 C65 Equity | B7: Long Strangle | C7: =BDP($A7,C$1) | D7: =IF(C7'="USD", 1, BDP(C7 & "USD Curncy","PX_LAST")) | E7: =BDP($A7,E$1) | F7: =IF(E7'="Option", BDP($A7,F$1), "") | G7: =IF( E7'="Option", IFERROR(BDP($A7,"UNDERLYING_SECURITY_DES"),""), IF( E7'="Future", IFERROR(BDP($A7,"UNDL_SPOT_TICKER") &" Index",""), "" ) ) | H7: =IF(OR(E7'="Option", E7'="Future"), BDP($A7, H$1), "") | I7: =IFERROR(IF(OR(E7'="Option", E7'="Future"), BDP($A7, I$1), ""), "") | J7: 150 | K7: =IF(E7'="Option", BDP($A7,K$1), 0) | L7: =IF(OR(E7'="Option", E7'="Future"),BDP($A7,L$1),"") | M7: =IF(E7'="Option",BDP($A7,M$1),0) | N7: =(IF($C7'="USD",BDP("TSFR1M Index","PX_LAST"),IF($C7'="EUR",BDP("EESWEA BGN Curncy","PX_LAST"),IF($C7'="HKD",BDP("HIHD01M Index","PX_LAST"),IF($C7'="JPY",BDP("JYSOA Index","PX_LAST"),NA())))))/100 | O7: =IFERROR((L7-TODAY())/360,0) | P7: =IFERROR(IF(AND(I7'="VOLI",O7<>0),0.5/(SQRT(O7/360)+SQRT((O7+30)/360)),""),"") | Q7: =IFERROR(IF(E7'="Option", (BDP($A7,Q$1))/100, 0),0) | R7: =LET(x,BDP($G7,R$1),IFERROR(VALUE(x)/100,0)) | S7: =IF(E7'="Future", BDP(G7, $T$1), 0) | T7: =BDP($A7,T$1)
A8: COF US 09/18/26 C300 Equity | B8: Short Strangle | C8: =BDP($A8,C$1) | D8: =IF(C8'="USD", 1, BDP(C8 & "USD Curncy","PX_LAST")) | E8: =BDP($A8,E$1) | F8: =IF(E8'="Option", BDP($A8,F$1), "") | G8: =IF( E8'="Option", IFERROR(BDP($A8,"UNDERLYING_SECURITY_DES"),""), IF( E8'="Future", IFERROR(BDP($A8,"UNDL_SPOT_TICKER") &" Index",""), "" ) ) | H8: =IF(OR(E8'="Option", E8'="Future"), BDP($A8, H$1), "") | I8: =IFERROR(IF(OR(E8'="Option", E8'="Future"), BDP($A8, I$1), ""), "") | J8: -200 | K8: =IF(E8'="Option", BDP($A8,K$1), 0) | L8: =IF(OR(E8'="Option", E8'="Future"),BDP($A8,L$1),"") | M8: =IF(E8'="Option",BDP($A8,M$1),0) | N8: =(IF($C8'="USD",BDP("TSFR1M Index","PX_LAST"),IF($C8'="EUR",BDP("EESWEA BGN Curncy","PX_LAST"),IF($C8'="HKD",BDP("HIHD01M Index","PX_LAST"),IF($C8'="JPY",BDP("JYSOA Index","PX_LAST"),NA())))))/100 | O8: =IFERROR((L8-TODAY())/360,0) | P8: =IFERROR(IF(AND(I8'="VOLI",O8<>0),0.5/(SQRT(O8/360)+SQRT((O8+30)/360)),""),"") | Q8: =IFERROR(IF(E8'="Option", (BDP($A8,Q$1))/100, 0),0) | R8: =LET(x,BDP($G8,R$1),IFERROR(VALUE(x)/100,0)) | S8: =IF(E8'="Future", BDP(G8, $T$1), 0) | T8: =BDP($A8,T$1)
A9: COF US 09/18/26 P190 Equity | B9: Short Strangle | C9: =BDP($A9,C$1) | D9: =IF(C9'="USD", 1, BDP(C9 & "USD Curncy","PX_LAST")) | E9: =BDP($A9,E$1) | F9: =IF(E9'="Option", BDP($A9,F$1), "") | G9: =IF( E9'="Option", IFERROR(BDP($A9,"UNDERLYING_SECURITY_DES"),""), IF( E9'="Future", IFERROR(BDP($A9,"UNDL_SPOT_TICKER") &" Index",""), "" ) ) | H9: =IF(OR(E9'="Option", E9'="Future"), BDP($A9, H$1), "") | I9: =IFERROR(IF(OR(E9'="Option", E9'="Future"), BDP($A9, I$1), ""), "") | J9: -200 | K9: =IF(E9'="Option", BDP($A9,K$1), 0) | L9: =IF(OR(E9'="Option", E9'="Future"),BDP($A9,L$1),"") | M9: =IF(E9'="Option",BDP($A9,M$1),0) | N9: =(IF($C9'="USD",BDP("TSFR1M Index","PX_LAST"),IF($C9'="EUR",BDP("EESWEA BGN Curncy","PX_LAST"),IF($C9'="HKD",BDP("HIHD01M Index","PX_LAST"),IF($C9'="JPY",BDP("JYSOA Index","PX_LAST"),NA())))))/100 | O9: =IFERROR((L9-TODAY())/360,0) | P9: =IFERROR(IF(AND(I9'="VOLI",O9<>0),0.5/(SQRT(O9/360)+SQRT((O9+30)/360)),""),"") | Q9: =IFERROR(IF(E9'="Option", (BDP($A9,Q$1))/100, 0),0) | R9: =LET(x,BDP($G9,R$1),IFERROR(VALUE(x)/100,0)) | S9: =IF(E9'="Future", BDP(G9, $T$1), 0) | T9: =BDP($A9,T$1)
A10: GOOGL US 06/18/26 P220 Equity | B10: Long Butterfly | C10: =BDP($A10,C$1) | D10: =IF(C10'="USD", 1, BDP(C10 & "USD Curncy","PX_LAST")) | E10: =BDP($A10,E$1) | F10: =IF(E10'="Option", BDP($A10,F$1), "") | G10: =IF( E10'="Option", IFERROR(BDP($A10,"UNDERLYING_SECURITY_DES"),""), IF( E10'="Future", IFERROR(BDP($A10,"UNDL_SPOT_TICKER") &" Index",""), "" ) ) | H10: =IF(OR(E10'="Option", E10'="Future"), BDP($A10, H$1), "") | I10: =IFERROR(IF(OR(E10'="Option", E10'="Future"), BDP($A10, I$1), ""), "") | J10: 100 | K10: =IF(E10'="Option", BDP($A10,K$1), 0) | L10: =IF(OR(E10'="Option", E10'="Future"),BDP($A10,L$1),"") | M10: =IF(E10'="Option",BDP($A10,M$1),0) | N10: =(IF($C10'="USD",BDP("TSFR1M Index","PX_LAST"),IF($C10'="EUR",BDP("EESWEA BGN Curncy","PX_LAST"),IF($C10'="HKD",BDP("HIHD01M Index","PX_LAST"),IF($C10'="JPY",BDP("JYSOA Index","PX_LAST"),NA())))))/100 | O10: =IFERROR((L10-TODAY())/360,0) | P10: =IFERROR(IF(AND(I10'="VOLI",O10<>0),0.5/(SQRT(O10/360)+SQRT((O10+30)/360)),""),"") | Q10: =IFERROR(IF(E10'="Option", (BDP($A10,Q$1))/100, 0),0) | R10: =LET(x,BDP($G10,R$1),IFERROR(VALUE(x)/100,0)) | S10: =IF(E10'="Future", BDP(G10, $T$1), 0) | T10: =BDP($A10,T$1)
A11: GOOGL US 06/18/26 P275 Equity | B11: Long Butterfly | C11: =BDP($A11,C$1) | D11: =IF(C11'="USD", 1, BDP(C11 & "USD Curncy","PX_LAST")) | E11: =BDP($A11,E$1) | F11: =IF(E11'="Option", BDP($A11,F$1), "") | G11: =IF( E11'="Option", IFERROR(BDP($A11,"UNDERLYING_SECURITY_DES"),""), IF( E11'="Future", IFERROR(BDP($A11,"UNDL_SPOT_TICKER") &" Index",""), "" ) ) | H11: =IF(OR(E11'="Option", E11'="Future"), BDP($A11, H$1), "") | I11: =IFERROR(IF(OR(E11'="Option", E11'="Future"), BDP($A11, I$1), ""), "") | J11: -200 | K11: =IF(E11'="Option", BDP($A11,K$1), 0) | L11: =IF(OR(E11'="Option", E11'="Future"),BDP($A11,L$1),"") | M11: =IF(E11'="Option",BDP($A11,M$1),0) | N11: =(IF($C11'="USD",BDP("TSFR1M Index","PX_LAST"),IF($C11'="EUR",BDP("EESWEA BGN Curncy","PX_LAST"),IF($C11'="HKD",BDP("HIHD01M Index","PX_LAST"),IF($C11'="JPY",BDP("JYSOA Index","PX_LAST"),NA())))))/100 | O11: =IFERROR((L11-TODAY())/360,0) | P11: =IFERROR(IF(AND(I11'="VOLI",O11<>0),0.5/(SQRT(O11/360)+SQRT((O11+30)/360)),""),"") | Q11: =IFERROR(IF(E11'="Option", (BDP($A11,Q$1))/100, 0),0) | R11: =LET(x,BDP($G11,R$1),IFERROR(VALUE(x)/100,0)) | S11: =IF(E11'="Future", BDP(G11, $T$1), 0) | T11: =BDP($A11,T$1)
A12: GOOGL US 06/18/26 P290 Equity | B12: Long Butterfly | C12: =BDP($A12,C$1) | D12: =IF(C12'="USD", 1, BDP(C12 & "USD Curncy","PX_LAST")) | E12: =BDP($A12,E$1) | F12: =IF(E12'="Option", BDP($A12,F$1), "") | G12: =IF( E12'="Option", IFERROR(BDP($A12,"UNDERLYING_SECURITY_DES"),""), IF( E12'="Future", IFERROR(BDP($A12,"UNDL_SPOT_TICKER") &" Index",""), "" ) ) | H12: =IF(OR(E12'="Option", E12'="Future"), BDP($A12, H$1), "") | I12: =IFERROR(IF(OR(E12'="Option", E12'="Future"), BDP($A12, I$1), ""), "") | J12: 100 | K12: =IF(E12'="Option", BDP($A12,K$1), 0) | L12: =IF(OR(E12'="Option", E12'="Future"),BDP($A12,L$1),"") | M12: =IF(E12'="Option",BDP($A12,M$1),0) | N12: =(IF($C12'="USD",BDP("TSFR1M Index","PX_LAST"),IF($C12'="EUR",BDP("EESWEA BGN Curncy","PX_LAST"),IF($C12'="HKD",BDP("HIHD01M Index","PX_LAST"),IF($C12'="JPY",BDP("JYSOA Index","PX_LAST"),NA())))))/100 | O12: =IFERROR((L12-TODAY())/360,0) | P12: =IFERROR(IF(AND(I12'="VOLI",O12<>0),0.5/(SQRT(O12/360)+SQRT((O12+30)/360)),""),"") | Q12: =IFERROR(IF(E12'="Option", (BDP($A12,Q$1))/100, 0),0) | R12: =LET(x,BDP($G12,R$1),IFERROR(VALUE(x)/100,0)) | S12: =IF(E12'="Future", BDP(G12, $T$1), 0) | T12: =BDP($A12,T$1)
A13: META US 06/18/26 C680 Equity | B13: Short Butterfly | C13: =BDP($A13,C$1) | D13: =IF(C13'="USD", 1, BDP(C13 & "USD Curncy","PX_LAST")) | E13: =BDP($A13,E$1) | F13: =IF(E13'="Option", BDP($A13,F$1), "") | G13: =IF( E13'="Option", IFERROR(BDP($A13,"UNDERLYING_SECURITY_DES"),""), IF( E13'="Future", IFERROR(BDP($A13,"UNDL_SPOT_TICKER") &" Index",""), "" ) ) | H13: =IF(OR(E13'="Option", E13'="Future"), BDP($A13, H$1), "") | I13: =IFERROR(IF(OR(E13'="Option", E13'="Future"), BDP($A13, I$1), ""), "") | J13: -100 | K13: =IF(E13'="Option", BDP($A13,K$1), 0) | L13: =IF(OR(E13'="Option", E13'="Future"),BDP($A13,L$1),"") | M13: =IF(E13'="Option",BDP($A13,M$1),0) | N13: =(IF($C13'="USD",BDP("TSFR1M Index","PX_LAST"),IF($C13'="EUR",BDP("EESWEA BGN Curncy","PX_LAST"),IF($C13'="HKD",BDP("HIHD01M Index","PX_LAST"),IF($C13'="JPY",BDP("JYSOA Index","PX_LAST"),NA())))))/100 | O13: =IFERROR((L13-TODAY())/360,0) | P13: =IFERROR(IF(AND(I13'="VOLI",O13<>0),0.5/(SQRT(O13/360)+SQRT((O13+30)/360)),""),"") | Q13: =IFERROR(IF(E13'="Option", (BDP($A13,Q$1))/100, 0),0) | R13: =LET(x,BDP($G13,R$1),IFERROR(VALUE(x)/100,0)) | S13: =IF(E13'="Future", BDP(G13, $T$1), 0) | T13: =BDP($A13,T$1)
... A15: META US 06/18/26 C720 Equity | B15: Short Butterfly | C15: =BDP($A15,C$1) | D15: =IF(C15'="USD", 1, BDP(C15 & "USD Curncy","PX_LAST")) | E15: =BDP($A15,E$1) | F15: =IF(E15'="Option", BDP($A15,F$1), "") | G15: =IF( E15'="Option", IFERROR(BDP($A15,"UNDERLYING_SECURITY_DES"),""), IF( E15'="Future", IFERROR(BDP($A15,"UNDL_SPOT_TICKER") &" Index",""), "" ) ) | H15: =IF(OR(E15'="Option", E15'="Future"), BDP($A15, H$1), "") | I15: =IFERROR(IF(OR(E15'="Option", E15'="Future"), BDP($A15, I$1), ""), "") | J15: -100 | K15: =IF(E15'="Option", BDP($A15,K$1), 0) | L15: =IF(OR(E15'="Option", E15'="Future"),BDP($A15,L$1),"") | M15: =IF(E15'="Option",BDP($A15,M$1),0) | N15: =(IF($C15'="USD",BDP("TSFR1M Index","PX_LAST"),IF($C15'="EUR",BDP("EESWEA BGN Curncy","PX_LAST"),IF($C15'="HKD",BDP("HIHD01M Index","PX_LAST"),IF($C15'="JPY",BDP("JYSOA Index","PX_LAST"),NA())))))/100 | O15: =IFERROR((L15-TODAY())/360,0) | P15: =IFERROR(IF(AND(I15'="VOLI",O15<>0),0.5/(SQRT(O15/360)+SQRT((O15+30)/360)),""),"") | Q15: =IFERROR(IF(E15'="Option", (BDP($A15,Q$1))/100, 0),0) | R15: =LET(x,BDP($G15,R$1),IFERROR(VALUE(x)/100,0)) | S15: =IF(E15'="Future", BDP(G15, $T$1), 0) | T15: =BDP($A15,T$1)

Sheet PnL_Calc
A1: BloombergCode | B1: Strategy | C1: Date_entry | D1: PX_Entry | E1: Position_Entry | F1: PX_LAST | G1: PV_impact | N1: Total | O1: =SUM(G2:G15) -> #NAME?
A2: =portfolio!A2 -> AMZN US 05/15/26 P195 Equity | B2: =portfolio!B2 -> Long Straddle | C2: 46113 | D2: {=_xll.BDH(A2,"PX_MID",C2,C2)} -> #NAME? | E2: =portfolio!J2 -> 100 | F2: {=_xll.BDP($A2,F$1)} -> #NAME? | G2: =E2*(F2-D2) -> #NAME?
A3: =portfolio!A3 -> AMZN US 05/15/26 C195 Equity | B3: =portfolio!B3 -> Long Straddle | C3: 46113 | D3: {=_xll.BDH(A3,"PX_MID",C3,C3)} -> #NAME? | E3: =portfolio!J3 -> 100 | F3: {=_xll.BDP($A3,F$1)} -> #NAME? | G3: =E3*(F3-D3) -> #NAME?
A4: =portfolio!A4 -> AVGO US 06/18/26 C230 Equity | B4: =portfolio!B4 -> Short Stradle | C4: 46113 | D4: {=_xll.BDH(A4,"PX_MID",C4,C4)} -> #NAME? | E4: =portfolio!J4 -> -200 | F4: {=_xll.BDP($A4,F$1)} -> #NAME? | G4: =E4*(F4-D4) -> #NAME?
A5: =portfolio!A5 -> AVGO US 06/18/26 P230 Equity | B5: =portfolio!B5 -> Short Stradle | C5: 46113 | D5: {=_xll.BDH(A5,"PX_MID",C5,C5)} -> #NAME? | E5: =portfolio!J5 -> -100 | F5: {=_xll.BDP($A5,F$1)} -> #NAME? | G5: =E5*(F5-D5) -> #NAME?
A6: =portfolio!A6 -> BAC US 12/18/26 P42 Equity | B6: =portfolio!B6 -> Long Strangle | C6: 46113 | D6: {=_xll.BDH(A6,"PX_MID",C6,C6)} -> #NAME? | E6: =portfolio!J6 -> 150 | F6: {=_xll.BDP($A6,F$1)} -> #NAME? | G6: =E6*(F6-D6) -> #NAME?
A7: =portfolio!A7 -> BAC US 12/18/26 C65 Equity | B7: =portfolio!B7 -> Long Strangle | C7: 46113 | D7: {=_xll.BDH(A7,"PX_MID",C7,C7)} -> #NAME? | E7: =portfolio!J7 -> 150 | F7: {=_xll.BDP($A7,F$1)} -> #NAME? | G7: =E7*(F7-D7) -> #NAME?
A8: =portfolio!A8 -> COF US 09/18/26 C300 Equity | B8: =portfolio!B8 -> Short Strangle | C8: 46113 | D8: {=_xll.BDH(A8,"PX_MID",C8,C8)} -> #NAME? | E8: =portfolio!J8 -> -200 | F8: {=_xll.BDP($A8,F$1)} -> #NAME? | G8: =E8*(F8-D8) -> #NAME?
A9: =portfolio!A9 -> COF US 09/18/26 P190 Equity | B9: =portfolio!B9 -> Short Strangle | C9: 46113 | D9: {=_xll.BDH(A9,"PX_MID",C9,C9)} -> #NAME? | E9: =portfolio!J9 -> -200 | F9: {=_xll.BDP($A9,F$1)} -> #NAME? | G9: =E9*(F9-D9) -> #NAME?
A10: =portfolio!A10 -> GOOGL US 06/18/26 P220 Equity | B10: =portfolio!B10 -> Long Butterfly | C10: 46113 | D10: {=_xll.BDH(A10,"PX_MID",C10,C10)} -> #NAME? | E10: =portfolio!J10 -> 100 | F10: {=_xll.BDP($A10,F$1)} -> #NAME? | G10: =E10*(F10-D10) -> #NAME?
A11: =portfolio!A11 -> GOOGL US 06/18/26 P275 Equity | B11: =portfolio!B11 -> Long Butterfly | C11: 46113 | D11: {=_xll.BDH(A11,"PX_MID",C11,C11)} -> #NAME? | E11: =portfolio!J11 -> -200 | F11: {=_xll.BDP($A11,F$1)} -> #NAME? | G11: =E11*(F11-D11) -> #NAME?
A12: =portfolio!A12 -> GOOGL US 06/18/26 P290 Equity | B12: =portfolio!B12 -> Long Butterfly | C12: 46113 | D12: {=_xll.BDH(A12,"PX_MID",C12,C12)} -> #NAME? | E12: =portfolio!J12 -> 100 | F12: {=_xll.BDP($A12,F$1)} -> #NAME? | G12: =E12*(F12-D12) -> #NAME?
A13: =portfolio!A13 -> META US 06/18/26 C680 Equity | B13: =portfolio!B13 -> Short Butterfly | C13: 46113 | D13: {=_xll.BDH(A13,"PX_MID",C13,C13)} -> #NAME? | E13: =portfolio!J13 -> -100 | F13: {=_xll.BDP($A13,F$1)} -> #NAME? | G13: =E13*(F13-D13) -> #NAME?
... A15: =portfolio!A15 -> META US 06/18/26 C720 Equity | B15: =portfolio!B15 -> Short Butterfly | C15: 46113 | D15: {=_xll.BDH(A15,"PX_MID",C15,C15)} -> #NAME? | E15: =portfolio!J15 -> -100 | F15: {=_xll.BDP($A15,F$1)} -> #NAME? | G15: =E15*(F15-D15) -> #NAME?

Sheet BBG_Greeks
A1: BloombergCode | B1: Position | C1: DELTA | D1: VEGA | E1: OPT_THETA | F1: GAMMA
A2: =portfolio!A2 -> AMZN US 05/15/26 P195 Equity | B2: =portfolio!J2 -> 100 | C2: {=_xll.BDP($A2,C$1)*$B2} -> #NAME? | D2: {=_xll.BDP($A2,D$1)*$B2} -> #NAME? | E2: {=_xll.BDP($A2,E$1)*$B2} -> #NAME? | F2: {=_xll.BDP($A2,F$1)*$B2} -> #NAME?
A3: =portfolio!A3 -> AMZN US 05/15/26 C195 Equity | B3: =portfolio!J3 -> 100 | C3: {=_xll.BDP($A3,C$1)*$B3} -> #NAME? | D3: {=_xll.BDP($A3,D$1)*$B3} -> #NAME? | E3: {=_xll.BDP($A3,E$1)*$B3} -> #NAME? | F3: {=_xll.BDP($A3,F$1)*$B3} -> #NAME?
A4: =portfolio!A4 -> AVGO US 06/18/26 C230 Equity | B4: =portfolio!J4 -> -200 | C4: {=_xll.BDP($A4,C$1)*$B4} -> #NAME? | D4: {=_xll.BDP($A4,D$1)*$B4} -> #NAME? | E4: {=_xll.BDP($A4,E$1)*$B4} -> #NAME? | F4: {=_xll.BDP($A4,F$1)*$B4} -> #NAME?
A5: =portfolio!A5 -> AVGO US 06/18/26 P230 Equity | B5: =portfolio!J5 -> -100 | C5: {=_xll.BDP($A5,C$1)*$B5} -> #NAME? | D5: {=_xll.BDP($A5,D$1)*$B5} -> #NAME? | E5: {=_xll.BDP($A5,E$1)*$B5} -> #NAME? | F5: {=_xll.BDP($A5,F$1)*$B5} -> #NAME?
A6: =portfolio!A6 -> BAC US 12/18/26 P42 Equity | B6: =portfolio!J6 -> 150 | C6: {=_xll.BDP($A6,C$1)*$B6} -> #NAME? | D6: {=_xll.BDP($A6,D$1)*$B6} -> #NAME? | E6: {=_xll.BDP($A6,E$1)*$B6} -> #NAME? | F6: {=_xll.BDP($A6,F$1)*$B6} -> #NAME?
A7: =portfolio!A7 -> BAC US 12/18/26 C65 Equity | B7: =portfolio!J7 -> 150 | C7: {=_xll.BDP($A7,C$1)*$B7} -> #NAME? | D7: {=_xll.BDP($A7,D$1)*$B7} -> #NAME? | E7: {=_xll.BDP($A7,E$1)*$B7} -> #NAME? | F7: {=_xll.BDP($A7,F$1)*$B7} -> #NAME?
A8: =portfolio!A8 -> COF US 09/18/26 C300 Equity | B8: =portfolio!J8 -> -200 | C8: {=_xll.BDP($A8,C$1)*$B8} -> #NAME? | D8: {=_xll.BDP($A8,D$1)*$B8} -> #NAME? | E8: {=_xll.BDP($A8,E$1)*$B8} -> #NAME? | F8: {=_xll.BDP($A8,F$1)*$B8} -> #NAME?
A9: =portfolio!A9 -> COF US 09/18/26 P190 Equity | B9: =portfolio!J9 -> -200 | C9: {=_xll.BDP($A9,C$1)*$B9} -> #NAME? | D9: {=_xll.BDP($A9,D$1)*$B9} -> #NAME? | E9: {=_xll.BDP($A9,E$1)*$B9} -> #NAME? | F9: {=_xll.BDP($A9,F$1)*$B9} -> #NAME?
A10: =portfolio!A10 -> GOOGL US 06/18/26 P220 Equity | B10: =portfolio!J10 -> 100 | C10: {=_xll.BDP($A10,C$1)*$B10} -> #NAME? | D10: {=_xll.BDP($A10,D$1)*$B10} -> #NAME? | E10: {=_xll.BDP($A10,E$1)*$B10} -> #NAME? | F10: {=_xll.BDP($A10,F$1)*$B10} -> #NAME?
A11: =portfolio!A11 -> GOOGL US 06/18/26 P275 Equity | B11: =portfolio!J11 -> -200 | C11: {=_xll.BDP($A11,C$1)*$B11} -> #NAME? | D11: {=_xll.BDP($A11,D$1)*$B11} -> #NAME? | E11: {=_xll.BDP($A11,E$1)*$B11} -> #NAME? | F11: {=_xll.BDP($A11,F$1)*$B11} -> #NAME?
A12: =portfolio!A12 -> GOOGL US 06/18/26 P290 Equity | B12: =portfolio!J12 -> 100 | C12: {=_xll.BDP($A12,C$1)*$B12} -> #NAME? | D12: {=_xll.BDP($A12,D$1)*$B12} -> #NAME? | E12: {=_xll.BDP($A12,E$1)*$B12} -> #NAME? | F12: {=_xll.BDP($A12,F$1)*$B12} -> #NAME?
A13: =portfolio!A13 -> META US 06/18/26 C680 Equity | B13: =portfolio!J13 -> -100 | C13: {=_xll.BDP($A13,C$1)*$B13} -> #NAME? | D13: {=_xll.BDP($A13,D$1)*$B13} -> #NAME? | E13: {=_xll.BDP($A13,E$1)*$B13} -> #NAME? | F13: {=_xll.BDP($A13,F$1)*$B13} -> #NAME?
... A15: =portfolio!A15 -> META US 06/18/26 C720 Equity | B15: =portfolio!J15 -> -100 | C15: {=_xll.BDP($A15,C$1)*$B15} -> #NAME? | D15: {=_xll.BDP($A15,D$1)*$B15} -> #NAME? | E15: {=_xll.BDP($A15,E$1)*$B15} -> #NAME? | F15: {=_xll.BDP($A15,F$1)*$B15} -> #NAME?
